"symbol","date","open","high","low","close","volume","adjusted"
"SAP",2022-01-03,140.320007324219,141.570007324219,139.160003662109,141.399993896484,811200,133.445343017578
"SAP",2022-01-04,141.110000610352,141.320007324219,139.940002441406,140.270004272461,749400,132.378921508789
"SAP",2022-01-05,141.639999389648,141.690002441406,139.389999389648,139.580001831055,902900,131.727737426758
"SAP",2022-01-06,137.259994506836,138.649993896484,136.800003051758,136.990005493164,837300,129.283447265625
"SAP",2022-01-07,137.070007324219,138.429992675781,136.619995117188,138.259994506836,632300,130.481994628906
"SAP",2022-01-10,137.110000610352,138.649993896484,136.479995727539,138.610000610352,803500,130.812301635742
"SAP",2022-01-11,137.740005493164,138.970001220703,137.460006713867,138.789993286133,720400,130.982162475586
"SAP",2022-01-12,139.869995117188,140.410003662109,139,140.149993896484,591500,132.265670776367
"SAP",2022-01-13,139.029998779297,139.399993896484,135.789993286133,135.910003662109,657300,128.264190673828
"SAP",2022-01-14,136.559997558594,139.039993286133,136.529998779297,138.899993896484,1388800,131.085998535156
"SAP",2022-01-18,136.429992675781,137.809997558594,135.710006713867,136.100006103516,988000,128.443511962891
"SAP",2022-01-19,137.220001220703,138.619995117188,136.690002441406,136.789993286133,681300,129.094696044922
"SAP",2022-01-20,139.279998779297,139.820007324219,136.889999389648,137.009994506836,1018100,129.302307128906
"SAP",2022-01-21,137.369995117188,137.839996337891,135.740005493164,135.800003051758,1414800,128.160400390625
"SAP",2022-01-24,132.160003662109,133.929992675781,129.669998168945,133.720001220703,1767900,126.197402954102
"SAP",2022-01-25,130.800003051758,133.910003662109,129.899993896484,132.320007324219,1474600,124.876167297363
"SAP",2022-01-26,133.320007324219,134.350006103516,131.330001831055,132.279998779297,1572900,124.838417053223
"SAP",2022-01-27,123.919998168945,125.199996948242,122.080001831055,122.379997253418,2149000,115.495338439941
"SAP",2022-01-28,119.699996948242,122.029998779297,119.040000915527,121.970001220703,1479600,115.108406066895
"SAP",2022-01-31,121.819999694824,125.230003356934,121.819999694824,125.209999084473,1143000,118.166137695312
"SAP",2022-02-01,126.550003051758,127.839996337891,125.330001831055,127.680000305176,1289400,120.497192382812
"SAP",2022-02-02,127,127.470001220703,126.650001525879,127.150001525879,989800,119.997009277344
"SAP",2022-02-03,124.279998779297,125.440002441406,123.589996337891,123.809997558594,1063900,116.844902038574
"SAP",2022-02-04,124.540000915527,126.440002441406,124.290000915527,126.139999389648,1343100,119.043823242188
"SAP",2022-02-07,127.709999084473,128.160003662109,126.529998779297,126.889999389648,1121800,119.751625061035
"SAP",2022-02-08,125.279998779297,125.900001525879,124.75,125.690002441406,711300,118.619132995605
"SAP",2022-02-09,125.550003051758,126.370002746582,124.930000305176,126.290000915527,945900,119.185386657715
"SAP",2022-02-10,123.540000915527,126.160003662109,123.470001220703,123.849998474121,679500,116.88264465332
"SAP",2022-02-11,123.629997253418,124.180000305176,120.019996643066,120.339996337891,979100,113.570106506348
"SAP",2022-02-14,118.589996337891,119.540000915527,117.48999786377,118.349998474121,1384500,111.692054748535
"SAP",2022-02-15,120.209999084473,120.559997558594,119.660003662109,120.25,703400,113.485168457031
"SAP",2022-02-16,119.860000610352,121.050003051758,119.080001831055,120.910003662109,766600,114.108047485352
"SAP",2022-02-17,119.569999694824,119.779998779297,117.730003356934,117.839996337891,724700,111.210746765137
"SAP",2022-02-18,117.610000610352,117.669998168945,115.610000610352,115.709999084473,831600,109.200569152832
"SAP",2022-02-22,113.559997558594,114.529998779297,112.349998474121,113.559997558594,1052500,107.171524047852
"SAP",2022-02-23,114.379997253418,114.51000213623,110.879997253418,110.980003356934,1219500,104.736671447754
"SAP",2022-02-24,107.620002746582,112.01000213623,107.370002746582,111.949996948242,1878600,105.652099609375
"SAP",2022-02-25,113.599998474121,115.050003051758,112.980003356934,115.019996643066,909500,108.549392700195
"SAP",2022-02-28,112.180000305176,114.139999389648,111.470001220703,112.580001831055,1295500,106.246658325195
"SAP",2022-03-01,111.139999389648,111.919998168945,108.879997253418,109.25,1442000,103.103996276855
"SAP",2022-03-02,111.120002746582,113.440002441406,110.629997253418,113.190002441406,1509900,106.822341918945
"SAP",2022-03-03,111.480003356934,111.540000915527,108.660003662109,109.01000213623,1281900,102.877494812012
"SAP",2022-03-04,107.120002746582,107.400001525879,105.339996337891,106.099998474121,1618000,100.131195068359
"SAP",2022-03-07,108.059997558594,108.459999084473,104.949996948242,104.970001220703,1888000,99.0647735595703
"SAP",2022-03-08,106.089996337891,108.970001220703,104.139999389648,106.209999084473,1672700,100.235008239746
"SAP",2022-03-09,109.629997253418,112.940002441406,109.230003356934,111.849998474121,1394800,105.557731628418
"SAP",2022-03-10,108.089996337891,109.440002441406,107.480003356934,108.51000213623,874200,102.405624389648
"SAP",2022-03-11,110.879997253418,111.139999389648,107.599998474121,107.680000305176,959200,101.62232208252
"SAP",2022-03-14,110.550003051758,111.720001220703,109.839996337891,110.050003051758,1005100,103.858993530273
"SAP",2022-03-15,110.879997253418,111.01000213623,109.069999694824,110.730003356934,898900,104.500732421875
"SAP",2022-03-16,112.400001525879,114.48999786377,111.370002746582,114.48999786377,897600,108.049209594727
"SAP",2022-03-17,113.639999389648,115.730003356934,113.51000213623,115.709999084473,816300,109.200569152832
"SAP",2022-03-18,112.25,115.550003051758,112.25,115.360000610352,1406200,108.870269775391
"SAP",2022-03-21,112.76000213623,113.720001220703,111.360000610352,111.870002746582,1329300,105.576599121094
"SAP",2022-03-22,111.800003051758,113.300003051758,111.589996337891,112.730003356934,911200,106.388221740723
"SAP",2022-03-23,110.48999786377,110.949996948242,109.690002441406,109.790000915527,1007300,103.613616943359
"SAP",2022-03-24,110.01000213623,111.300003051758,109.529998779297,111.220001220703,712600,104.963165283203
"SAP",2022-03-25,112.029998779297,112.029998779297,110.349998474121,111.339996337891,570700,105.076416015625
"SAP",2022-03-28,110.870002746582,111.940002441406,110.360000610352,111.809997558594,905600,105.519973754883
"SAP",2022-03-29,115.290000915527,116,113.73999786377,114.73999786377,920500,108.285140991211
"SAP",2022-03-30,113.480003356934,114.199996948242,112.76000213623,113.150001525879,982400,106.784599304199
"SAP",2022-03-31,113.099998474121,113.319999694824,110.889999389648,110.959999084473,1323100,104.717788696289
"SAP",2022-04-01,110.809997558594,111.080001831055,109.419998168945,110.629997253418,749800,104.406356811523
"SAP",2022-04-04,110.139999389648,112.589996337891,110.129997253418,112.480003356934,1238900,106.152282714844
"SAP",2022-04-05,111.120002746582,111.769996643066,110.25,110.809997558594,1559300,104.576232910156
"SAP",2022-04-06,109.980003356934,110.389999389648,109.050003051758,109.709999084473,766200,103.538116455078
"SAP",2022-04-07,108.959999084473,109.800003051758,108.370002746582,109.180000305176,1048700,103.037933349609
"SAP",2022-04-08,107.949996948242,109.449996948242,107.819999694824,108.470001220703,8e+05,102.367874145508
"SAP",2022-04-11,108.199996948242,108.529998779297,107.410003662109,107.559997558594,1088400,101.509071350098
"SAP",2022-04-12,106.669998168945,107.540000915527,104.839996337891,105.419998168945,1398600,99.4894485473633
"SAP",2022-04-13,104.290000915527,106.01000213623,104.059997558594,105.919998168945,1154900,99.9613265991211
"SAP",2022-04-14,105.650001525879,105.730003356934,103.889999389648,103.889999389648,914600,98.045524597168
"SAP",2022-04-18,103.919998168945,104.790000915527,103.199996948242,104.220001220703,1020800,98.3569564819336
"SAP",2022-04-19,104.290000915527,105.330001831055,104.160003662109,105.23999786377,1106300,99.3195724487305
"SAP",2022-04-20,106.550003051758,107.5,105.949996948242,106.879997253418,1350300,100.867317199707
"SAP",2022-04-21,108.300003051758,108.769996643066,106.230003356934,106.339996337891,1723500,100.357688903809
"SAP",2022-04-22,105.050003051758,105.690002441406,103.790000915527,103.849998474121,2378700,98.0077743530273
"SAP",2022-04-25,102.949996948242,103.779998779297,102.319999694824,103.730003356934,1541400,97.89453125
"SAP",2022-04-26,103.26000213623,103.360000610352,99.7699966430664,99.7900009155273,1362500,94.1761779785156
"SAP",2022-04-27,100.129997253418,101.069999694824,98.9000015258789,99.5299987792969,1589600,93.9308013916016
"SAP",2022-04-28,101,103.199996948242,100.360000610352,102.709999084473,1185100,96.9319152832031
"SAP",2022-04-29,103.5,104.050003051758,100.669998168945,100.800003051758,1137200,95.1293640136719
"SAP",2022-05-02,101.23999786377,102.419998168945,100.73999786377,102.410003662109,1658100,96.6487884521484
"SAP",2022-05-03,101.069999694824,101.470001220703,99.5899963378906,100,1990000,94.3743667602539
"SAP",2022-05-04,99.7900009155273,102.589996337891,98.5800018310547,102.559997558594,2117600,96.7903442382812
"SAP",2022-05-05,101.25,101.440002441406,98.879997253418,99.8199996948242,2176800,94.2044982910156
"SAP",2022-05-06,97.2200012207031,97.6600036621094,95.5299987792969,96.1399993896484,1988400,90.7315139770508
"SAP",2022-05-09,95.0500030517578,97.379997253418,94.7900009155273,95.9800033569336,2595300,90.5805206298828
"SAP",2022-05-10,98.2300033569336,98.4400024414062,96.1600036621094,96.8300018310547,1520600,91.382698059082
"SAP",2022-05-11,96.5,98.4100036621094,95.3000030517578,95.5899963378906,1568900,90.2124481201172
"SAP",2022-05-12,95.2699966430664,97.8300018310547,95,96.9700012207031,1578500,91.5148162841797
"SAP",2022-05-13,97.4199981689453,99.0299987792969,97.0500030517578,98.7099990844727,1214000,93.1569366455078
"SAP",2022-05-16,98.1500015258789,98.3099975585938,96.8899993896484,97.5400009155273,754300,92.0527572631836
"SAP",2022-05-17,100.01000213623,100.059997558594,97.7799987792969,99.0599975585938,1174400,93.4872360229492
"SAP",2022-05-18,97.3600006103516,97.4899978637695,92.9400024414062,93.2399978637695,2296700,87.9946517944336
"SAP",2022-05-19,93.1999969482422,96.4000015258789,93.0100021362305,95.3499984741211,2220400,92.6285095214844
"SAP",2022-05-20,97.3399963378906,97.5800018310547,95.8199996948242,97.4300003051758,2173600,94.6491394042969
"SAP",2022-05-23,98.6399993896484,99.8399963378906,98.2300033569336,99.8300018310547,1688500,96.9806365966797
"SAP",2022-05-24,99.7099990844727,99.9499969482422,97.9100036621094,98.6999969482422,2749800,95.8828887939453
"SAP",2022-05-25,96.6100006103516,98.0599975585938,96.2399978637695,97.3199996948242,1331400,94.5422821044922
"SAP",2022-05-26,97.0400009155273,98.8000030517578,96.9499969482422,98.4700012207031,760900,95.6594619750977
"SAP",2022-05-27,100.01000213623,101.150001525879,100,101.150001525879,1034400,98.2629699707031
"SAP",2022-05-31,99.7399978637695,100.309997558594,98.7399978637695,99.8399963378906,1459200,96.990348815918
"SAP",2022-06-01,100.940002441406,101.339996337891,99.1100006103516,99.3300018310547,1786100,96.4949188232422
"SAP",2022-06-02,99.5199966430664,102.129997253418,99.3300018310547,102.120002746582,967700,99.2052764892578
"SAP",2022-06-03,100.589996337891,101.069999694824,100.019996643066,100.430000305176,678900,97.5635147094727
"SAP",2022-06-06,102.169998168945,102.400001525879,100.629997253418,100.860000610352,740600,97.9812393188477
"SAP",2022-06-07,100.480003356934,102.059997558594,100.300003051758,101.98999786377,955900,99.0789947509766
"SAP",2022-06-08,100.569999694824,101.040000915527,99.629997253418,99.8600006103516,815000,97.0097885131836
"SAP",2022-06-09,98.8099975585938,99.4499969482422,96.7799987792969,96.7900009155273,940000,94.0274124145508
"SAP",2022-06-10,95.5899963378906,95.6100006103516,93.6600036621094,94.1699981689453,1284300,91.4821929931641
"SAP",2022-06-13,90.6500015258789,91.7699966430664,90.120002746582,90.8199996948242,1837900,88.2278060913086
"SAP",2022-06-14,91.7200012207031,91.879997253418,89.9100036621094,90.370002746582,1629900,87.790657043457
"SAP",2022-06-15,92.7699966430664,94.2099990844727,91.4199981689453,93.3000030517578,1294400,90.6370239257812
"SAP",2022-06-16,92.3600006103516,93.0599975585938,91.8300018310547,92.7600021362305,1466000,90.112434387207
"SAP",2022-06-17,92.6699981689453,93.8000030517578,91.9899978637695,93,1435500,90.3455810546875
"SAP",2022-06-21,94.3300018310547,94.9000015258789,93.9899978637695,94.0899963378906,1023200,91.4044723510742
"SAP",2022-06-22,93.0800018310547,95.25,92.9899978637695,94,915100,91.3170394897461
"SAP",2022-06-23,93.3399963378906,94.3899993896484,92.7900009155273,94.2399978637695,919000,91.5501861572266
"SAP",2022-06-24,95.7900009155273,98.4599990844727,95.7200012207031,98.4100036621094,1276900,95.6011734008789
"SAP",2022-06-27,97.75,98.3099975585938,96.870002746582,97.3000030517578,835700,94.5228576660156
"SAP",2022-06-28,96.5599975585938,97.0500030517578,95.4599990844727,95.4700012207031,1405100,92.7450866699219
"SAP",2022-06-29,94.3300018310547,95.1999969482422,93.7699966430664,93.9300003051758,1221400,91.2490463256836
"SAP",2022-06-30,89.9100036621094,91.25,88.9599990844727,90.7200012207031,1805100,88.1306610107422
"SAP",2022-07-01,89.7699966430664,90.7099990844727,89.3099975585938,90.6999969482422,1630000,88.1112289428711
"SAP",2022-07-05,87.5699996948242,89.1900024414062,87.3199996948242,89.1600036621094,1580400,86.6151885986328
"SAP",2022-07-06,90.0400009155273,90.3899993896484,88.9899978637695,89.8600006103516,1459800,87.2952041625977
"SAP",2022-07-07,89.879997253418,90.7300033569336,89.870002746582,90.7099990844727,805600,88.1209411621094
"SAP",2022-07-08,90.0800018310547,91.25,89.6699981689453,90.5899963378906,860400,88.0043640136719
"SAP",2022-07-11,89.1699981689453,89.3399963378906,88.1999969482422,88.3199996948242,1008600,85.7991638183594
"SAP",2022-07-12,87.8499984741211,88.0500030517578,86.1100006103516,86.3499984741211,1164700,83.8853912353516
"SAP",2022-07-13,84.5699996948242,86.5299987792969,84.4800033569336,85.9499969482422,1170200,83.4968032836914
"SAP",2022-07-14,84.6399993896484,85.7900009155273,83.5,85.4199981689453,1142100,82.98193359375
"SAP",2022-07-15,87,88.0199966430664,86.6399993896484,88,1065800,85.4882965087891
"SAP",2022-07-18,88.7600021362305,89.4899978637695,87.8600006103516,88.0899963378906,1003100,85.5757217407227
"SAP",2022-07-19,90.5599975585938,92.4199981689453,90.1900024414062,92.3399963378906,1548200,89.7044143676758
"SAP",2022-07-20,91.7699966430664,92.7300033569336,91.4899978637695,92.3300018310547,1609100,89.694709777832
"SAP",2022-07-21,87.8399963378906,90.3499984741211,87.3199996948242,90.2900009155273,2309800,87.7129364013672
"SAP",2022-07-22,94.7799987792969,95.8000030517578,93.2699966430664,93.75,1907300,91.0741806030273
"SAP",2022-07-25,93,93.120002746582,91.2300033569336,91.9700012207031,1303800,89.3449783325195
"SAP",2022-07-26,90.879997253418,90.9599990844727,89.870002746582,90.2900009155273,924000,87.7129364013672
"SAP",2022-07-27,89.5999984741211,91.5400009155273,89.4000015258789,91.3099975585938,1545200,88.7038192749023
"SAP",2022-07-28,90.7300033569336,91.9700012207031,89.8099975585938,91.7699966430664,1051800,89.1506881713867
"SAP",2022-07-29,92.5400009155273,93.3499984741211,92.1999969482422,93.2099990844727,763300,90.5495910644531
"SAP",2022-08-01,93.7799987792969,94.6500015258789,93.379997253418,93.7900009155273,1834700,91.113037109375
"SAP",2022-08-02,91.5500030517578,92.120002746582,91.120002746582,91.1900024414062,1076300,88.5872497558594
"SAP",2022-08-03,92.2600021362305,93.6399993896484,92.2600021362305,93.4899978637695,777200,90.8215942382812
"SAP",2022-08-04,95.1399993896484,95.3399963378906,94.379997253418,95.2900009155273,876800,92.5702209472656
"SAP",2022-08-05,93.6500015258789,94.5699996948242,93.4199981689453,94.5599975585938,815200,91.8610534667969
"SAP",2022-08-08,95.0199966430664,95.6100006103516,94.120002746582,94.3300018310547,629900,91.6376266479492
"SAP",2022-08-09,94.1900024414062,94.2900009155273,93.5199966430664,93.7600021362305,643700,91.0838928222656
"SAP",2022-08-10,96.1999969482422,96.8199996948242,95.7099990844727,96.0699996948242,931900,93.3279571533203
"SAP",2022-08-11,96.1900024414062,96.1900024414062,95.0599975585938,95.2399978637695,792500,92.5216522216797
"SAP",2022-08-12,95.5100021362305,95.9899978637695,95.0800018310547,95.9499969482422,674200,93.2113800048828
"SAP",2022-08-15,94.9100036621094,95.9000015258789,94.8399963378906,95.8099975585938,1193300,93.0753784179688
"SAP",2022-08-16,94.1900024414062,94.6999969482422,93.6999969482422,94.1999969482422,828000,91.5113296508789
"SAP",2022-08-17,93.0800018310547,93.5800018310547,92.5500030517578,92.9499969482422,746900,90.2970123291016
"SAP",2022-08-18,92.7399978637695,92.9700012207031,92.1100006103516,92.4599990844727,703600,89.8209991455078
"SAP",2022-08-19,92.3499984741211,92.4800033569336,91.4700012207031,91.620002746582,706800,89.0049743652344
"SAP",2022-08-22,89.4499969482422,89.5100021362305,88.2300033569336,88.4300003051758,916700,85.9060211181641
"SAP",2022-08-23,87.9000015258789,88.9100036621094,87.2900009155273,87.370002746582,765400,84.8762817382812
"SAP",2022-08-24,87.0299987792969,88.0999984741211,86.8199996948242,87.4199981689453,753000,84.9248504638672
"SAP",2022-08-25,87.3399963378906,88.2099990844727,86.9000015258789,88.1999969482422,704800,85.6825866699219
"SAP",2022-08-26,87.8499984741211,87.9100036621094,84.0299987792969,84.2399978637695,1116400,81.8356094360352
"SAP",2022-08-29,84.3600006103516,85.0500030517578,84.1399993896484,84.5800018310547,959800,82.1659088134766
"SAP",2022-08-30,85.6900024414062,85.870002746582,84.0999984741211,84.5199966430664,734500,82.1076202392578
"SAP",2022-08-31,85.3300018310547,86.3000030517578,85.0699996948242,85.2200012207031,1234500,82.7876358032227
"SAP",2022-09-01,84.5299987792969,84.6900024414062,82.4100036621094,83.9800033569336,1300300,81.5830383300781
"SAP",2022-09-02,84.8399963378906,85.5599975585938,82.7699966430664,83.2699966430664,1080300,80.8932952880859
"SAP",2022-09-06,84.8300018310547,85.1699981689453,83.8000030517578,84.1699981689453,1035900,81.7676086425781
"SAP",2022-09-07,84.5999984741211,85.7900009155273,84.3499984741211,85.5699996948242,1992400,83.1276550292969
"SAP",2022-09-08,83.6900024414062,85.3300018310547,83.4499969482422,85.3099975585938,960200,82.8750686645508
"SAP",2022-09-09,86.4000015258789,87.2799987792969,86.379997253418,87.0699996948242,649500,84.5848388671875
"SAP",2022-09-12,88.5,89.3000030517578,88.379997253418,88.9499969482422,818800,86.4111709594727
"SAP",2022-09-13,87.0100021362305,87.6399993896484,85.7200012207031,85.8600006103516,1077500,83.4093780517578
"SAP",2022-09-14,85.5400009155273,86.370002746582,85.1500015258789,86.3099975585938,1289100,83.8465270996094
"SAP",2022-09-15,85.5,85.9899978637695,84.2099990844727,84.4100036621094,1332700,82.0007629394531
"SAP",2022-09-16,83,84.129997253418,82.9000015258789,83.9400024414062,1093200,81.5441818237305
"SAP",2022-09-19,82.6900024414062,84.2699966430664,82.6800003051758,84.2600021362305,934900,81.8550415039062
"SAP",2022-09-20,82.75,83.620002746582,82.370002746582,82.9300003051758,1331500,80.5630035400391
"SAP",2022-09-21,83.0699996948242,84.0100021362305,82.1800003051758,82.3399963378906,1162200,79.9898376464844
"SAP",2022-09-22,82.0400009155273,82.2900009155273,80.9700012207031,81.370002746582,1612700,79.0475387573242
"SAP",2022-09-23,79.1800003051758,79.4800033569336,78.2200012207031,79.4700012207031,2048200,77.2017593383789
"SAP",2022-09-26,80.0800018310547,81.0899963378906,79.1500015258789,79.629997253418,2899800,77.3571853637695
"SAP",2022-09-27,80.4800033569336,80.9899978637695,78.5599975585938,79.120002746582,2478700,76.8617553710938
"SAP",2022-09-28,79.370002746582,81.7699966430664,79.0100021362305,81.4599990844727,2057000,79.1349563598633
"SAP",2022-09-29,80.25,80.5599975585938,79.1900024414062,80.4800033569336,2137300,78.1829299926758
"SAP",2022-09-30,81.4599990844727,82.6100006103516,81.1900024414062,81.25,1390600,78.9309539794922
"SAP",2022-10-03,82.4499969482422,84.120002746582,82.0299987792969,83.9400024414062,1686600,81.5441818237305
"SAP",2022-10-04,86.8199996948242,88.3499984741211,86.5400009155273,88.0400009155273,1626500,85.5271606445312
"SAP",2022-10-05,86.1900024414062,87.4499969482422,85.5899963378906,87.1800003051758,1225200,84.6917037963867
"SAP",2022-10-06,86.5899963378906,87.2200012207031,86.1699981689453,86.3600006103516,1249700,83.8951110839844
"SAP",2022-10-07,85.3899993896484,85.5199966430664,84.1500015258789,84.5299987792969,1140700,82.1173324584961
"SAP",2022-10-10,84.4599990844727,84.5299987792969,83.379997253418,84.0500030517578,1263900,81.6510391235352
"SAP",2022-10-11,83.6399993896484,84.5199966430664,82.7699966430664,83.0100021362305,1287300,80.6407165527344
"SAP",2022-10-12,83.2699966430664,83.8899993896484,82.5,82.5100021362305,1115600,80.1549987792969
"SAP",2022-10-13,80.9800033569336,85.379997253418,80.5,85.1500015258789,1515200,82.7196426391602
"SAP",2022-10-14,86.6999969482422,87.5800018310547,84.5199966430664,84.6100006103516,1207800,82.1950531005859
"SAP",2022-10-17,86.4100036621094,87.5299987792969,86.3600006103516,86.8499984741211,1362700,84.3711166381836
"SAP",2022-10-18,90.2200012207031,90.3099975585938,88.3300018310547,89.0199966430664,1526700,86.4791793823242
"SAP",2022-10-19,87.7099990844727,87.9700012207031,86.3000030517578,86.7300033569336,1086400,84.2545471191406
"SAP",2022-10-20,86.9100036621094,88.4599990844727,86.7099990844727,86.9100036621094,1103400,84.4294052124023
"SAP",2022-10-21,88.4400024414062,90.9599990844727,88.0199966430664,90.879997253418,1722400,88.2860870361328
"SAP",2022-10-24,90.620002746582,91.1900024414062,89.1900024414062,91.0100021362305,1447700,88.4123840332031
"SAP",2022-10-25,96.5800018310547,97.2900009155273,96.0299987792969,96.3199996948242,2401400,93.5708236694336
"SAP",2022-10-26,96.2300033569336,99.1399993896484,96.1500015258789,97.7600021362305,1991000,94.9697265625
"SAP",2022-10-27,97.7300033569336,98.9000015258789,97.2300033569336,97.4400024414062,1024800,94.6588592529297
"SAP",2022-10-28,96.5800018310547,97.8600006103516,96.5500030517578,97.7099990844727,1438000,94.9211502075195
"SAP",2022-10-31,96.4800033569336,96.8899993896484,96.0500030517578,96.0599975585938,986200,93.318244934082
"SAP",2022-11-01,97.2099990844727,97.3899993896484,95.1699981689453,95.8399963378906,831300,93.1045227050781
"SAP",2022-11-02,96.6600036621094,97.1600036621094,93.9700012207031,93.9700012207031,1372400,91.2879028320312
"SAP",2022-11-03,93.3099975585938,94.3199996948242,92.6699981689453,92.6900024414062,1126700,90.04443359375
"SAP",2022-11-04,95.6800003051758,96.1800003051758,94.5400009155273,96.0199966430664,1221300,93.2793884277344
"SAP",2022-11-07,96.9499969482422,97.7399978637695,96.1399993896484,97.5699996948242,1213200,94.7851486206055
"SAP",2022-11-08,97.870002746582,99.2600021362305,96.7399978637695,97.9700012207031,1403700,95.1737289428711
"SAP",2022-11-09,97.9400024414062,98.620002746582,97.4700012207031,97.5500030517578,947800,94.7657165527344
"SAP",2022-11-10,103.809997558594,107.190002441406,103.559997558594,107.180000305176,2371200,104.12085723877
"SAP",2022-11-11,109.040000915527,110.550003051758,108.540000915527,110.169998168945,1997100,107.025512695312
"SAP",2022-11-14,109.099998474121,109.809997558594,108.360000610352,108.830001831055,1133700,105.723762512207
"SAP",2022-11-15,110.330001831055,111.040000915527,108.080001831055,109.809997558594,1627600,106.675788879395
"SAP",2022-11-16,111.180000305176,111.430000305176,109.870002746582,111.059997558594,1226300,107.890113830566
"SAP",2022-11-17,110.5,112.180000305176,110.440002441406,111.819999694824,2138300,108.62841796875
"SAP",2022-11-18,109.709999084473,109.730003356934,108.25,108.790000915527,1214000,105.684898376465
"SAP",2022-11-21,109.470001220703,109.849998474121,108.470001220703,108.5,889800,105.403182983398
"SAP",2022-11-22,108.449996948242,109.669998168945,107.980003356934,109.620002746582,735500,106.491218566895
"SAP",2022-11-23,109.059997558594,110.040000915527,108.970001220703,109.849998474121,931600,106.714653015137
"SAP",2022-11-25,109.819999694824,110.660003662109,109.790000915527,110.650001525879,411200,107.491813659668
"SAP",2022-11-28,109.620002746582,110.190002441406,107.800003051758,108,808600,104.917457580566
"SAP",2022-11-29,107.339996337891,107.48999786377,106.389999389648,106.919998168945,831300,103.868278503418
"SAP",2022-11-30,107.919998168945,110.930000305176,107.5,110.870002746582,1019500,107.705543518066
"SAP",2022-12-01,111.589996337891,112.389999389648,111.019996643066,112.01000213623,1000900,108.813003540039
"SAP",2022-12-02,111.160003662109,112.48999786377,110.639999389648,112.029998779297,906900,108.832427978516
"SAP",2022-12-05,110.76000213623,111.25,109.949996948242,110.269996643066,661200,107.122657775879
"SAP",2022-12-06,109.48999786377,109.48999786377,107.279998779297,107.769996643066,871000,104.694007873535
"SAP",2022-12-07,107.48999786377,108.059997558594,106.75,107.870002746582,1010500,104.791168212891
"SAP",2022-12-08,107.160003662109,108.360000610352,106.550003051758,107.819999694824,902600,104.74259185791
"SAP",2022-12-09,107.470001220703,108.050003051758,107.230003356934,107.290000915527,543200,104.227714538574
"SAP",2022-12-12,107.220001220703,108.379997253418,107.169998168945,108.360000610352,951700,105.267181396484
"SAP",2022-12-13,112.220001220703,112.819999694824,109.309997558594,109.809997558594,1050900,106.675788879395
"SAP",2022-12-14,109.879997253418,111,109.01000213623,109.709999084473,707500,106.578643798828
"SAP",2022-12-15,107.889999389648,108.080001831055,105.349998474121,105.580001831055,928400,102.566528320312
"SAP",2022-12-16,104.709999084473,105.5,104.110000610352,105.360000610352,1505600,102.352798461914
"SAP",2022-12-19,105.370002746582,105.5,103.970001220703,104.300003051758,886100,101.323059082031
"SAP",2022-12-20,103.910003662109,104.540000915527,103.599998474121,104.48999786377,1162300,101.507637023926
"SAP",2022-12-21,104.809997558594,105.559997558594,104.48999786377,104.800003051758,756700,101.808792114258
"SAP",2022-12-22,104.180000305176,104.230003356934,102.650001525879,103.980003356934,981500,101.012191772461
"SAP",2022-12-23,103.220001220703,103.709999084473,102.660003662109,103.5,760600,100.545890808105
"SAP",2022-12-27,103.330001831055,103.879997253418,102.769996643066,103.339996337891,523500,100.39045715332
"SAP",2022-12-28,102.870002746582,103.430000305176,101.779998779297,101.809997558594,635400,98.9041290283203
"SAP",2022-12-29,103.389999389648,104.349998474121,103.279998779297,104.110000610352,546800,101.138481140137
"SAP",2022-12-30,102.809997558594,103.290000915527,102.360000610352,103.190002441406,442500,100.244743347168
"SAP",2023-01-03,104.040000915527,105.069999694824,103.279998779297,103.980003356934,928800,101.012191772461
"SAP",2023-01-04,107.120002746582,107.169998168945,105.720001220703,106.889999389648,819200,103.839134216309
"SAP",2023-01-05,107.309997558594,107.339996337891,106,106.160003662109,853400,103.129974365234
"SAP",2023-01-06,106.580001831055,109.379997253418,105.5,109.110000610352,820900,105.99577331543
"SAP",2023-01-09,110.699996948242,112.879997253418,110.699996948242,111.440002441406,1481800,108.259269714355
"SAP",2023-01-10,112.309997558594,113.430000305176,112.019996643066,113.419998168945,1093400,110.182746887207
"SAP",2023-01-11,114.209999084473,114.919998168945,113.98999786377,114.870002746582,785900,111.591369628906
"SAP",2023-01-12,115.309997558594,116.690002441406,114.129997253418,116.680000305176,1082800,113.349708557129
"SAP",2023-01-13,115.720001220703,117.150001525879,115.709999084473,117.01000213623,755600,113.670295715332
"SAP",2023-01-17,116.220001220703,117.440002441406,115.73999786377,116.209999084473,826800,112.893119812012
"SAP",2023-01-18,118.059997558594,118.800003051758,116.919998168945,117.080001831055,1394900,113.738296508789
"SAP",2023-01-19,114.849998474121,116.129997253418,114.650001525879,115.669998168945,891100,112.368530273438
"SAP",2023-01-20,115.559997558594,117.150001525879,115.209999084473,117.120002746582,728500,113.777153015137
"SAP",2023-01-23,115.639999389648,117.019996643066,115.599998474121,116.709999084473,1059800,113.378852844238
"SAP",2023-01-24,116.040000915527,116.569999694824,115.790000915527,116.190002441406,1022100,112.873695373535
"SAP",2023-01-25,115.419998168945,116.519996643066,114.51000213623,116.160003662109,1310900,112.844551086426
"SAP",2023-01-26,112.75,114.690002441406,112.300003051758,114.099998474121,1869700,110.84334564209
"SAP",2023-01-27,112.550003051758,114.019996643066,112.25,113.209999084473,957900,109.978744506836
"SAP",2023-01-30,116.51000213623,117.059997558594,115.709999084473,116.089996337891,1587800,112.776542663574
"SAP",2023-01-31,116.629997253418,118.569999694824,116.569999694824,118.529998779297,1270400,115.146896362305
"SAP",2023-02-01,119.370002746582,121.419998168945,118.300003051758,121.029998779297,853900,117.575546264648
"SAP",2023-02-02,122.709999084473,123.279998779297,122.190002441406,122.970001220703,866500,119.460182189941
"SAP",2023-02-03,120.180000305176,121.910003662109,120.089996337891,120.629997253418,1098500,117.186958312988
"SAP",2023-02-06,119.949996948242,120.290000915527,119.349998474121,119.720001220703,519500,116.302940368652
"SAP",2023-02-07,118.110000610352,120.190002441406,117.819999694824,119.839996337891,538300,116.419509887695
"SAP",2023-02-08,118.639999389648,119.51000213623,118.220001220703,118.610000610352,872200,115.224617004395
"SAP",2023-02-09,120.529998779297,120.639999389648,118.180000305176,118.699996948242,636000,115.312049865723
"SAP",2023-02-10,117.550003051758,117.849998474121,116.800003051758,117.349998474121,662000,114.000579833984
"SAP",2023-02-13,117.529998779297,118.51000213623,117.449996948242,118.480003356934,374200,115.098335266113
"SAP",2023-02-14,117.98999786377,119.639999389648,117.639999389648,118.76000213623,616000,115.370346069336
"SAP",2023-02-15,117.800003051758,119.309997558594,117.730003356934,119.269996643066,669500,115.865776062012
"SAP",2023-02-16,117.580001831055,118.620002746582,117.120002746582,117.959999084473,505000,114.593170166016
"SAP",2023-02-17,116.51000213623,117.440002441406,116.169998168945,117.349998474121,411000,114.000579833984
"SAP",2023-02-21,115.160003662109,115.76000213623,114.720001220703,114.779998779297,867000,111.503936767578
"SAP",2023-02-22,115.529998779297,115.889999389648,114.790000915527,115.26000213623,510600,111.970237731934
"SAP",2023-02-23,116.309997558594,116.769996643066,114.860000610352,116.01000213623,784500,112.698829650879
"SAP",2023-02-24,113.959999084473,114.360000610352,112.569999694824,113.180000305176,991700,109.949600219727
"SAP",2023-02-27,115.180000305176,115.540000915527,114.73999786377,115.129997253418,579900,111.843948364258
"SAP",2023-02-28,114.069999694824,114.839996337891,113.76000213623,113.819999694824,693500,110.571342468262
"SAP",2023-03-01,115.120002746582,115.120002746582,113.400001525879,114.230003356934,848900,110.969635009766
"SAP",2023-03-02,113.050003051758,114.639999389648,113,114.529998779297,664900,111.261070251465
"SAP",2023-03-03,115.860000610352,116.970001220703,115.779998779297,116.900001525879,694500,113.563430786133
"SAP",2023-03-06,119.5,120.209999084473,119.040000915527,119.730003356934,953700,116.312652587891
"SAP",2023-03-07,118.860000610352,118.940002441406,116.599998474121,116.889999389648,469600,113.553718566895
"SAP",2023-03-08,116.720001220703,117.550003051758,116.199996948242,117.410003662109,730100,114.058876037598
"SAP",2023-03-09,117.400001525879,118.5,115.949996948242,115.98999786377,691900,112.679397583008
"SAP",2023-03-10,117.970001220703,118.019996643066,115.230003356934,115.459999084473,1005300,112.164520263672
"SAP",2023-03-13,114.309997558594,115.809997558594,113.639999389648,115.029998779297,1144700,111.746803283691
"SAP",2023-03-14,118.069999694824,118.48999786377,117.150001525879,118.120002746582,862000,114.748603820801
"SAP",2023-03-15,114.339996337891,115.699996948242,113.699996948242,115.599998474121,1111300,112.30052947998
"SAP",2023-03-16,116.379997253418,120.400001525879,116.209999084473,120.300003051758,1052700,116.866386413574
"SAP",2023-03-17,119.069999694824,120.220001220703,118.089996337891,119.220001220703,1040300,115.81721496582
"SAP",2023-03-20,121.339996337891,121.480003356934,120.519996643066,121.379997253418,771600,117.915557861328
"SAP",2023-03-21,122.430000305176,123.610000610352,122.120002746582,123.480003356934,594200,119.955619812012
"SAP",2023-03-22,122.819999694824,124.470001220703,122.220001220703,122.23999786377,480500,118.751014709473
"SAP",2023-03-23,124.040000915527,125.279998779297,123.050003051758,123.73999786377,599500,120.208198547363
"SAP",2023-03-24,123.110000610352,123.540000915527,122.029998779297,123.290000915527,907100,119.771041870117
"SAP",2023-03-27,123.849998474121,124.389999389648,122.98999786377,123.25,571100,119.73218536377
"SAP",2023-03-28,123.550003051758,123.650001525879,122.73999786377,123.470001220703,631400,119.945907592773
"SAP",2023-03-29,123.580001831055,124.559997558594,123.540000915527,124.319999694824,915900,120.771644592285
"SAP",2023-03-30,125.51000213623,126.069999694824,125.110000610352,126.069999694824,746000,122.471694946289
"SAP",2023-03-31,125.839996337891,126.769996643066,125.730003356934,126.550003051758,668200,122.937995910645
"SAP",2023-04-03,126.180000305176,126.430000305176,125.569999694824,126.319999694824,876300,122.714561462402
"SAP",2023-04-04,126.949996948242,127.860000610352,126.910003662109,127.809997558594,788200,124.162033081055
"SAP",2023-04-05,128.009994506836,128.229995727539,126.279998779297,126.73999786377,665600,123.122573852539
"SAP",2023-04-06,128,128.880004882812,127.199996948242,128.710006713867,989500,125.036354064941
"SAP",2023-04-10,127.599998474121,127.599998474121,125.800003051758,127.449996948242,604300,123.812301635742
"SAP",2023-04-11,126.690002441406,127.050003051758,126.349998474121,126.540000915527,1146800,122.928283691406
"SAP",2023-04-12,127.589996337891,128.119995117188,126.790000915527,127.110000610352,1318400,123.48201751709
"SAP",2023-04-13,127.059997558594,128.490005493164,127.059997558594,128.050003051758,1132100,124.39518737793
"SAP",2023-04-14,127.720001220703,128.169998168945,126.699996948242,127.419998168945,980000,123.783164978027
"SAP",2023-04-17,127.75,127.949996948242,126.669998168945,127.199996948242,1387900,123.569442749023
"SAP",2023-04-18,128.130004882812,128.300003051758,127.349998474121,127.639999389648,1417100,123.996887207031
"SAP",2023-04-19,127.669998168945,127.769996643066,127.059997558594,127.300003051758,1512200,123.666595458984
"SAP",2023-04-20,126.930000305176,127.720001220703,126.400001525879,126.860000610352,1512400,123.239151000977
"SAP",2023-04-21,132.130004882812,134.639999389648,131.800003051758,133.949996948242,2742800,130.126770019531
"SAP",2023-04-24,132.889999389648,133.740005493164,131.919998168945,132.539993286133,1406600,128.757034301758
"SAP",2023-04-25,134.460006713867,135.669998168945,133.410003662109,133.429992675781,1427200,129.621627807617
"SAP",2023-04-26,135.610000610352,135.610000610352,133.119995117188,133.350006103516,1346400,129.543914794922
"SAP",2023-04-27,135.789993286133,136.850006103516,135.009994506836,136.649993896484,967500,132.749710083008
"SAP",2023-04-28,135.339996337891,135.710006713867,134.830001831055,135.270004272461,747500,131.409103393555
"SAP",2023-05-01,135.570007324219,135.570007324219,134.440002441406,134.479995727539,467200,130.641662597656
"SAP",2023-05-02,133.610000610352,134.5,133.490005493164,134.360000610352,867600,130.525085449219
"SAP",2023-05-03,136.080001831055,137.320007324219,135.279998779297,135.779998779297,1414800,131.904556274414
"SAP",2023-05-04,133.860000610352,134.639999389648,133.440002441406,134.089996337891,692500,130.262786865234
"SAP",2023-05-05,134.130004882812,135,134,134.759994506836,623800,130.913650512695
"SAP",2023-05-08,136.059997558594,136.199996948242,135.220001220703,135.779998779297,718500,131.904556274414
"SAP",2023-05-09,133.960006713867,135.100006103516,133.839996337891,134.679992675781,674800,130.8359375
"SAP",2023-05-10,134.839996337891,135.410003662109,133.850006103516,134.830001831055,733600,130.981674194336
"SAP",2023-05-11,134.070007324219,134.130004882812,132.809997558594,133.690002441406,756900,129.874206542969
"SAP",2023-05-12,131.789993286133,132.020004272461,131.289993286133,131.580001831055,655500,129.949264526367
"SAP",2023-05-15,130.360000610352,134.050003051758,130.100006103516,131.300003051758,1864700,129.672744750977
"SAP",2023-05-16,131.320007324219,133.889999389648,131.210006713867,133.160003662109,2324800,131.509689331055
"SAP",2023-05-17,133.399993896484,133.580001831055,131.639999389648,132.619995117188,995600,130.976379394531
"SAP",2023-05-18,133.399993896484,134.149993896484,133.110000610352,133.899993896484,954700,132.240509033203
"SAP",2023-05-19,134.580001831055,135.119995117188,134.279998779297,134.279998779297,696700,132.615798950195
"SAP",2023-05-22,133.470001220703,133.929992675781,133.259994506836,133.289993286133,693500,131.638061523438
"SAP",2023-05-23,132.529998779297,132.809997558594,129.710006713867,129.830001831055,1170700,128.220962524414
"SAP",2023-05-24,129.630004882812,129.630004882812,128.770004272461,129.210006713867,717300,127.608642578125
"SAP",2023-05-25,129.800003051758,129.820007324219,128.839996337891,129.440002441406,1352200,127.835792541504
"SAP",2023-05-26,130.130004882812,131.630004882812,130.039993286133,131.410003662109,832100,129.781372070312
"SAP",2023-05-30,131.910003662109,132.070007324219,130.119995117188,130.240005493164,729100,128.625885009766
"SAP",2023-05-31,130.479995727539,130.869995117188,129.149993896484,130.440002441406,1325000,128.823394775391
"SAP",2023-06-01,131.149993896484,132.369995117188,130.619995117188,132.169998168945,783400,130.531951904297
"SAP",2023-06-02,133.259994506836,133.529998779297,132.509994506836,132.970001220703,532500,131.322036743164
"SAP",2023-06-05,132.300003051758,132.330001831055,131.259994506836,131.5,515100,129.870254516602
"SAP",2023-06-06,132.160003662109,132.240005493164,131.520004272461,131.839996337891,551900,130.206039428711
"SAP",2023-06-07,132.75,133.259994506836,131.479995727539,131.699996948242,805200,130.067779541016
"SAP",2023-06-08,132.009994506836,133.289993286133,131.960006713867,133.210006713867,417100,131.559066772461
"SAP",2023-06-09,132.949996948242,133.600006103516,132.050003051758,132.720001220703,499300,131.075134277344
"SAP",2023-06-12,131.960006713867,133.940002441406,131.740005493164,133.770004272461,1084100,132.112121582031
"SAP",2023-06-13,134.660003662109,135.839996337891,134.029998779297,135.289993286133,766600,133.61328125
"SAP",2023-06-14,134.639999389648,136.360000610352,134.470001220703,135.559997558594,505900,133.879943847656
"SAP",2023-06-15,134.919998168945,137.059997558594,134.619995117188,137.039993286133,688500,135.341598510742
"SAP",2023-06-16,139.039993286133,139.25,137.190002441406,137.279998779297,983300,135.578628540039
"SAP",2023-06-20,136.059997558594,136.830001831055,135.479995727539,136.009994506836,686200,134.324356079102
"SAP",2023-06-21,135.570007324219,135.679992675781,134.380004882812,134.789993286133,824500,133.119476318359
"SAP",2023-06-22,134.380004882812,135.419998168945,134.300003051758,135.110000610352,697700,133.435516357422
"SAP",2023-06-23,133.699996948242,134.119995117188,133.279998779297,133.470001220703,477900,131.815841674805
"SAP",2023-06-26,133.100006103516,133.210006713867,132.25,132.429992675781,474200,130.788726806641
"SAP",2023-06-27,132.490005493164,133.199996948242,132.009994506836,133.009994506836,682600,131.361541748047
"SAP",2023-06-28,133.75,134.970001220703,133.699996948242,134.270004272461,679700,132.605926513672
"SAP",2023-06-29,134.300003051758,134.429992675781,133.539993286133,134.429992675781,454400,132.763931274414
"SAP",2023-06-30,135.460006713867,137.149993896484,135.320007324219,136.809997558594,1061900,135.114440917969
"SAP",2023-07-03,135.669998168945,135.889999389648,133.860000610352,134.550003051758,612200,132.882461547852
"SAP",2023-07-05,133.699996948242,134.479995727539,133.470001220703,134.399993896484,1265100,132.734313964844
"SAP",2023-07-06,132.830001831055,132.919998168945,131.490005493164,132.429992675781,817500,130.788726806641
"SAP",2023-07-07,132.770004272461,134,132.600006103516,133.259994506836,1029300,131.608444213867
"SAP",2023-07-10,133.389999389648,135.039993286133,133.369995117188,134.880004882812,1067600,133.208374023438
"SAP",2023-07-11,135.289993286133,136.440002441406,134.910003662109,136.320007324219,1114200,134.630523681641
"SAP",2023-07-12,138.690002441406,140.789993286133,138.080001831055,140.580001831055,1524800,138.83772277832
"SAP",2023-07-13,142.399993896484,144.160003662109,142.339996337891,143.960006713867,1576400,142.175842285156
"SAP",2023-07-14,144.039993286133,144.899993896484,144.039993286133,144.350006103516,762700,142.561004638672
"SAP",2023-07-17,142.860000610352,145.100006103516,142.770004272461,144.990005493164,1143100,143.193069458008
"SAP",2023-07-18,144.380004882812,145,143.25,144.910003662109,928000,143.114059448242
"SAP",2023-07-19,143.630004882812,144.339996337891,142.380004882812,143,1121200,141.227737426758
"SAP",2023-07-20,140.860000610352,141.509994506836,133.039993286133,133.929992675781,2770100,132.270141601562
"SAP",2023-07-21,135.75,136.139999389648,133.820007324219,134.020004272461,1909500,132.359024047852
"SAP",2023-07-24,133.520004272461,133.559997558594,132.229995727539,132.389999389648,1096400,130.749221801758
"SAP",2023-07-25,132.110000610352,133.020004272461,131.830001831055,132.610000610352,996700,130.966506958008
"SAP",2023-07-26,131.449996948242,132.589996337891,131.110000610352,132.339996337891,841000,130.699844360352
"SAP",2023-07-27,135.440002441406,136.259994506836,133.979995727539,134.070007324219,909800,132.408416748047
"SAP",2023-07-28,135.830001831055,136.839996337891,135.399993896484,136.809997558594,1022900,135.114440917969
"SAP",2023-07-31,137.270004272461,137.699996948242,136.300003051758,136.350006103516,828500,134.66015625
"SAP",2023-08-01,136.320007324219,136.690002441406,135.720001220703,136.389999389648,807400,134.699645996094
"SAP",2023-08-02,135.169998168945,135.179992675781,132.789993286133,133.210006713867,829500,131.559066772461
"SAP",2023-08-03,132.210006713867,132.779998779297,131.910003662109,132.199996948242,463400,130.561584472656
"SAP",2023-08-04,133.050003051758,134.509994506836,132.509994506836,132.960006713867,645600,131.312164306641
"SAP",2023-08-07,135.520004272461,135.869995117188,134.470001220703,135.800003051758,594800,134.116973876953
"SAP",2023-08-08,133.550003051758,134.800003051758,133.179992675781,134.630004882812,1218500,132.961471557617
"SAP",2023-08-09,134.740005493164,136.220001220703,134.550003051758,135.520004272461,1402900,133.840438842773
"SAP",2023-08-10,137.970001220703,139.509994506836,137.550003051758,137.889999389648,1222300,136.181060791016
"SAP",2023-08-11,136.970001220703,137.729995727539,136.570007324219,137.649993896484,1340100,135.944030761719
"SAP",2023-08-14,137.770004272461,139,137.570007324219,138.949996948242,662800,137.227920532227
"SAP",2023-08-15,138.080001831055,138.600006103516,137.410003662109,137.690002441406,808600,135.983551025391
"SAP",2023-08-16,138.320007324219,139.089996337891,137.339996337891,137.419998168945,710800,135.716888427734
"SAP",2023-08-17,136.479995727539,136.690002441406,134.139999389648,134.339996337891,1063300,132.675064086914
"SAP",2023-08-18,133.979995727539,135.660003662109,133.639999389648,135.360000610352,1050800,133.682418823242
"SAP",2023-08-21,136.089996337891,136.960006713867,135.520004272461,136.710006713867,562900,135.015701293945
"SAP",2023-08-22,138.839996337891,138.979995727539,138.029998779297,138.470001220703,629600,136.753875732422
"SAP",2023-08-23,138.479995727539,140.550003051758,138.479995727539,140.139999389648,680700,138.403182983398
"SAP",2023-08-24,138.820007324219,138.860000610352,135.460006713867,135.580001831055,837000,133.899688720703
"SAP",2023-08-25,136.910003662109,137.979995727539,135.389999389648,137.460006713867,793300,135.756393432617
"SAP",2023-08-28,137.940002441406,138.720001220703,137.559997558594,138.339996337891,556700,136.62548828125
"SAP",2023-08-29,137.550003051758,140.139999389648,137.550003051758,140.050003051758,403100,138.314300537109
"SAP",2023-08-30,140.179992675781,141.179992675781,140.179992675781,140.639999389648,374300,138.896987915039
"SAP",2023-08-31,140.690002441406,141.339996337891,139.479995727539,139.690002441406,557200,137.958755493164
"SAP",2023-09-01,140.520004272461,140.619995117188,137.860000610352,138.190002441406,533700,136.477340698242
"SAP",2023-09-05,137.809997558594,138.130004882812,137.130004882812,137.669998168945,443300,135.963790893555
"SAP",2023-09-06,138.289993286133,138.800003051758,137.649993896484,138.740005493164,550000,137.020538330078
"SAP",2023-09-07,139.339996337891,140.100006103516,138.809997558594,139.949996948242,623900,138.215530395508
"SAP",2023-09-08,140.289993286133,141.380004882812,140.289993286133,140.460006713867,574100,138.719223022461
"SAP",2023-09-11,139.119995117188,139.229995727539,138.029998779297,139.169998168945,678600,137.445205688477
"SAP",2023-09-12,135.149993896484,136.300003051758,135.020004272461,135.25,975500,133.573776245117
"SAP",2023-09-13,135.600006103516,136.259994506836,134.929992675781,135.75,590400,134.067581176758
"SAP",2023-09-14,135.630004882812,136.270004272461,135.020004272461,135.990005493164,785300,134.304611206055
"SAP",2023-09-15,135.75,136.25,135.009994506836,135.240005493164,770400,133.563919067383
"SAP",2023-09-18,134.419998168945,135.690002441406,134.419998168945,135.240005493164,536200,133.563919067383
"SAP",2023-09-19,134.520004272461,135.119995117188,133.940002441406,134.699996948242,652400,133.03059387207
"SAP",2023-09-20,134.389999389648,135.050003051758,133.529998779297,133.529998779297,632100,131.875091552734
"SAP",2023-09-21,132.940002441406,133.460006713867,131.059997558594,131.160003662109,1481800,129.534469604492
"SAP",2023-09-22,132.259994506836,133.490005493164,131.990005493164,132.649993896484,746600,131.005996704102
"SAP",2023-09-25,131.699996948242,132.139999389648,131.220001220703,131.949996948242,576000,130.314682006836
"SAP",2023-09-26,128.860000610352,129.839996337891,126.930000305176,127.180000305176,1159900,125.603797912598
"SAP",2023-09-27,128.270004272461,128.509994506836,126.870002746582,127.680000305176,739800,126.097602844238
"SAP",2023-09-28,127.199996948242,128.839996337891,126.75,127.949996948242,1486200,126.364250183105
"SAP",2023-09-29,131.119995117188,131.229995727539,128.889999389648,129.320007324219,855300,127.71728515625
"SAP",2023-10-02,129.240005493164,129.589996337891,127.839996337891,128.559997558594,651500,126.966690063477
"SAP",2023-10-03,128.380004882812,128.830001831055,127.339996337891,127.940002441406,654800,126.354377746582
"SAP",2023-10-04,128.75,129.440002441406,127.48999786377,128.929992675781,529100,127.332099914551
"SAP",2023-10-05,128.830001831055,129.589996337891,128.100006103516,129.559997558594,816900,127.954299926758
"SAP",2023-10-06,128.729995727539,131.470001220703,128.149993896484,130.919998168945,1055100,129.297439575195
"SAP",2023-10-09,129,129.940002441406,128.410003662109,129.910003662109,1507600,128.29997253418
"SAP",2023-10-10,131.029998779297,131.770004272461,130.570007324219,131.199996948242,1052600,129.573974609375
"SAP",2023-10-11,131.699996948242,132.570007324219,131.470001220703,132.389999389648,995200,130.749221801758
"SAP",2023-10-12,132.539993286133,133.179992675781,131.270004272461,131.660003662109,1034000,130.028274536133
"SAP",2023-10-13,130.699996948242,130.800003051758,127.800003051758,128.789993286133,1352400,127.193840026855
"SAP",2023-10-16,129.300003051758,130.869995117188,128.979995727539,130.699996948242,1988400,129.080169677734
"SAP",2023-10-17,128.800003051758,131.029998779297,128.429992675781,130.490005493164,1112800,128.872787475586
"SAP",2023-10-18,128.229995727539,129.119995117188,127.300003051758,127.610000610352,1782900,126.028472900391
"SAP",2023-10-19,134.419998168945,135.800003051758,133.139999389648,133.380004882812,2078600,131.726959228516
"SAP",2023-10-20,132.669998168945,132.990005493164,130.649993896484,130.699996948242,1356000,129.080169677734
"SAP",2023-10-23,131.149993896484,132.830001831055,130.080001831055,132.199996948242,732600,130.561584472656
"SAP",2023-10-24,132.970001220703,133.820007324219,132.589996337891,133.669998168945,675700,132.013366699219
"SAP",2023-10-25,132.490005493164,132.889999389648,130.679992675781,130.710006713867,840700,129.090057373047
"SAP",2023-10-26,131.949996948242,132.429992675781,130.630004882812,131.220001220703,1082900,129.593734741211
"SAP",2023-10-27,132.570007324219,132.960006713867,131.029998779297,131.389999389648,690400,129.761627197266
"SAP",2023-10-30,132.770004272461,134.089996337891,132.330001831055,133.649993896484,878400,131.993606567383
"SAP",2023-10-31,133.839996337891,134.419998168945,133.460006713867,134,758500,132.339279174805
"SAP",2023-11-01,134.240005493164,136.089996337891,134.179992675781,136.080001831055,618100,134.393493652344
"SAP",2023-11-02,138.869995117188,139.179992675781,137.979995727539,138.580001831055,712000,136.862518310547
"SAP",2023-11-03,138.740005493164,139.440002441406,138.139999389648,138.979995727539,764900,137.257553100586
"SAP",2023-11-06,138.440002441406,138.789993286133,137.770004272461,138.550003051758,488800,136.832885742188
"SAP",2023-11-07,140.089996337891,141.470001220703,139.759994506836,140.660003662109,461700,138.916732788086
"SAP",2023-11-08,141.710006713867,142.639999389648,141.710006713867,142.169998168945,662700,140.408020019531
"SAP",2023-11-09,143.050003051758,144.320007324219,142.389999389648,142.449996948242,711500,140.684539794922
"SAP",2023-11-10,143.309997558594,145.149993896484,143.009994506836,145.100006103516,609300,143.301712036133
"SAP",2023-11-13,143.899993896484,145.100006103516,143.720001220703,145.029998779297,400200,143.232574462891
"SAP",2023-11-14,148.089996337891,148.25,146.990005493164,147.660003662109,693700,145.829986572266
"SAP",2023-11-15,148.160003662109,149.139999389648,147.600006103516,148.520004272461,902600,146.679321289062
"SAP",2023-11-16,148.679992675781,149.660003662109,148.100006103516,148.589996337891,835400,146.748443603516
"SAP",2023-11-17,149.300003051758,150.089996337891,148.940002441406,149.949996948242,439900,148.091598510742
"SAP",2023-11-20,152.539993286133,153.479995727539,152.479995727539,153.300003051758,750700,151.400085449219
"SAP",2023-11-21,153.100006103516,153.559997558594,152.229995727539,152.5,697800,150.610000610352
"SAP",2023-11-22,154.309997558594,154.479995727539,153.009994506836,153.160003662109,1184100,151.261825561523
"SAP",2023-11-24,154.270004272461,154.529998779297,153.899993896484,154.190002441406,276100,152.279052734375
"SAP",2023-11-27,154.559997558594,155.309997558594,154.440002441406,154.940002441406,719900,153.019760131836
"SAP",2023-11-28,155.5,156.720001220703,155.369995117188,156.300003051758,583900,154.362899780273
"SAP",2023-11-29,158.279998779297,159.080001831055,158.050003051758,158.630004882812,584500,156.664031982422
"SAP",2023-11-30,159.149993896484,159.369995117188,157.970001220703,159.119995117188,920400,157.14794921875
"SAP",2023-12-01,158.389999389648,160.350006103516,158.149993896484,160.089996337891,810900,158.105926513672
"SAP",2023-12-04,158.770004272461,159.5,157.899993896484,159.270004272461,670300,157.296096801758
"SAP",2023-12-05,158.460006713867,159.440002441406,158.259994506836,159.360000610352,566900,157.384979248047
"SAP",2023-12-06,159.830001831055,159.940002441406,158.059997558594,158.100006103516,588900,156.140594482422
"SAP",2023-12-07,158.580001831055,159.470001220703,158.289993286133,159.339996337891,635000,157.365219116211
"SAP",2023-12-08,158.350006103516,160.229995727539,158.240005493164,160.160003662109,685400,158.175064086914
"SAP",2023-12-11,156.509994506836,159.179992675781,156.509994506836,159.130004882812,1078700,157.157836914062
"SAP",2023-12-12,157.789993286133,159.179992675781,157.789993286133,158.259994506836,736400,156.298599243164
"SAP",2023-12-13,158.479995727539,159.839996337891,157.440002441406,159.770004272461,859800,157.789901733398
"SAP",2023-12-14,156.679992675781,157.149993896484,155.130004882812,156.009994506836,1090300,154.07649230957
"SAP",2023-12-15,154.399993896484,154.770004272461,153.199996948242,153.5,1251200,151.597595214844
"SAP",2023-12-18,154.479995727539,155.130004882812,153.649993896484,154.899993896484,933300,152.980239868164
"SAP",2023-12-19,155.080001831055,155.509994506836,151,155.080001831055,1018600,153.158020019531
"SAP",2023-12-20,153.449996948242,153.660003662109,150.880004882812,151.139999389648,901900,149.266845703125
"SAP",2023-12-21,151.320007324219,152.210006713867,150.839996337891,152.179992675781,759400,150.293960571289
"SAP",2023-12-22,152.029998779297,152.889999389648,151.869995117188,152.699996948242,448400,150.807510375977
"SAP",2023-12-26,152.520004272461,153.440002441406,152.520004272461,153.179992675781,279700,151.281555175781
"SAP",2023-12-27,154.860000610352,156,154.820007324219,155.899993896484,911600,153.967849731445
"SAP",2023-12-28,155.139999389648,155.559997558594,154.330001831055,154.330001831055,1295500,152.41731262207
"SAP",2023-12-29,154,155.059997558594,154,154.589996337891,432200,152.674087524414
"SAP",2024-01-02,151.169998168945,151.279998779297,149.729995727539,150.210006713867,918400,148.348388671875
"SAP",2024-01-03,150,150.470001220703,149.429992675781,149.789993286133,945400,147.933578491211
"SAP",2024-01-04,149.539993286133,149.75,148.380004882812,148.520004272461,905700,146.679321289062
"SAP",2024-01-05,149.470001220703,151.089996337891,149.449996948242,149.850006103516,576300,147.99284362793
"SAP",2024-01-08,151.429992675781,152.690002441406,151.360000610352,152.559997558594,606100,150.669250488281
"SAP",2024-01-09,151.160003662109,152.449996948242,151.160003662109,152.149993896484,466600,150.26432800293
"SAP",2024-01-10,154.839996337891,156.259994506836,154.240005493164,155.839996337891,961800,153.908599853516
"SAP",2024-01-11,156.649993896484,157.259994506836,154.960006713867,156.509994506836,484700,154.570297241211
"SAP",2024-01-12,157.979995727539,158.929992675781,157.669998168945,158.539993286133,603900,156.575134277344
"SAP",2024-01-16,156.779998779297,157.449996948242,156.279998779297,156.820007324219,523800,154.87646484375
"SAP",2024-01-17,156.820007324219,157.910003662109,155.820007324219,157.779998779297,615700,155.824554443359
"SAP",2024-01-18,159.009994506836,160.529998779297,158.940002441406,160.429992675781,967100,158.441711425781
"SAP",2024-01-19,161.179992675781,163.720001220703,161.130004882812,163.449996948242,763800,161.424285888672
"SAP",2024-01-22,162.880004882812,163.729995727539,162.690002441406,163.210006713867,762700,161.187271118164
"SAP",2024-01-23,161.190002441406,163.389999389648,161.070007324219,163.380004882812,1157100,161.355163574219
"SAP",2024-01-24,174.550003051758,176.389999389648,173.259994506836,174.610000610352,2737500,172.44596862793
"SAP",2024-01-25,175.949996948242,175.970001220703,172.330001831055,173.440002441406,1773700,171.290481567383
"SAP",2024-01-26,173.309997558594,174.119995117188,173.050003051758,173.679992675781,1070500,171.527496337891
"SAP",2024-01-29,174.160003662109,176.449996948242,173.940002441406,176.339996337891,642000,174.154525756836
"SAP",2024-01-30,176.399993896484,176.600006103516,175.25,175.729995727539,631600,173.552093505859
"SAP",2024-01-31,175.639999389648,176.080001831055,173.050003051758,173.100006103516,685900,170.954696655273
"SAP",2024-02-01,175.110000610352,177.320007324219,174.949996948242,177.220001220703,601600,175.023635864258
"SAP",2024-02-02,176.5,177.550003051758,175.649993896484,177.059997558594,851500,174.865615844727
"SAP",2024-02-05,176.279998779297,177.490005493164,175.839996337891,177.039993286133,661000,174.845855712891
"SAP",2024-02-06,179.169998168945,179.429992675781,178.050003051758,178.789993286133,602300,176.574157714844
"SAP",2024-02-07,180.070007324219,181.570007324219,179.940002441406,181.179992675781,619900,178.934539794922
"SAP",2024-02-08,180.5,181.179992675781,180.259994506836,181.160003662109,558000,178.914794921875
"SAP",2024-02-09,181.660003662109,181.940002441406,180.850006103516,181.550003051758,446900,179.29997253418
"SAP",2024-02-12,179.889999389648,180.830001831055,179.089996337891,179.389999389648,607300,177.166732788086
"SAP",2024-02-13,173.25,174.600006103516,173.089996337891,173.979995727539,1023600,171.823776245117
"SAP",2024-02-14,175.869995117188,177.509994506836,175.830001831055,177.470001220703,583600,175.270538330078
"SAP",2024-02-15,177.259994506836,177.630004882812,176.369995117188,177.600006103516,581100,175.39892578125
"SAP",2024-02-16,176.619995117188,178.089996337891,175.960006713867,176.910003662109,456600,174.717468261719
"SAP",2024-02-20,177.080001831055,177.619995117188,175.710006713867,176.600006103516,471800,174.411315917969
"SAP",2024-02-21,175.360000610352,176.050003051758,174.880004882812,175.919998168945,494700,173.739730834961
"SAP",2024-02-22,180.330001831055,181.699996948242,180.210006713867,181.690002441406,573300,179.438232421875
"SAP",2024-02-23,183.5,184.460006713867,183.179992675781,184.220001220703,731200,181.936874389648
"SAP",2024-02-26,187.839996337891,188.139999389648,187.289993286133,187.509994506836,612000,185.186096191406
"SAP",2024-02-27,188.440002441406,189.830001831055,188.050003051758,189.169998168945,786900,186.825531005859
"SAP",2024-02-28,186.990005493164,187.089996337891,186.089996337891,186.669998168945,533600,184.356506347656
"SAP",2024-02-29,187.339996337891,188.199996948242,186.130004882812,187.869995117188,591700,185.541625976562
"SAP",2024-03-01,187.029998779297,188.570007324219,186.809997558594,188.529998779297,641300,186.193450927734
"SAP",2024-03-04,189.360000610352,191.330001831055,189.179992675781,190.820007324219,659300,188.455078125
"SAP",2024-03-05,191.229995727539,191.339996337891,186.589996337891,187.460006713867,816100,185.13671875
"SAP",2024-03-06,190.199996948242,191.779998779297,189.960006713867,190.679992675781,599600,188.316802978516
"SAP",2024-03-07,193.25,195.990005493164,193.119995117188,195.570007324219,961400,193.146209716797
"SAP",2024-03-08,194.25,194.820007324219,192.389999389648,192.990005493164,646800,190.598190307617
"SAP",2024-03-11,188.520004272461,190.100006103516,188.369995117188,189.830001831055,1213400,187.477355957031
"SAP",2024-03-12,191.300003051758,193.929992675781,190.669998168945,193.830001831055,668200,191.427780151367
"SAP",2024-03-13,192.880004882812,193.029998779297,191.350006103516,192.509994506836,676500,190.124130249023
"SAP",2024-03-14,191.960006713867,192.520004272461,189.5,190.449996948242,659000,188.089660644531
"SAP",2024-03-15,188.720001220703,188.850006103516,187.199996948242,188.309997558594,756500,185.976181030273
"SAP",2024-03-18,188.600006103516,189.039993286133,186.570007324219,186.770004272461,684500,184.455276489258
"SAP",2024-03-19,187.679992675781,188.75,187.100006103516,188.710006713867,442600,186.371231079102
"SAP",2024-03-20,188.770004272461,190.539993286133,188.050003051758,190.380004882812,412400,188.020538330078
"SAP",2024-03-21,192.399993896484,196.610000610352,192.070007324219,194.809997558594,617700,192.395629882812
"SAP",2024-03-22,194.520004272461,195.949996948242,193.720001220703,195.350006103516,533300,192.928939819336
"SAP",2024-03-25,195.149993896484,196.240005493164,194.779998779297,195.279998779297,419500,192.859802246094
"SAP",2024-03-26,197.679992675781,198.559997558594,196.580001831055,196.660003662109,556900,194.222702026367
"SAP",2024-03-27,199.199996948242,199.289993286133,196.279998779297,197.089996337891,852700,194.647369384766
"SAP",2024-03-28,195.490005493164,196.300003051758,194.5,195.029998779297,376200,192.612899780273
"SAP",2024-04-01,196.369995117188,197.020004272461,195.380004882812,196.029998779297,554200,193.600509643555
"SAP",2024-04-02,192.330001831055,192.550003051758,190.330001831055,192.119995117188,644900,189.738967895508
"SAP",2024-04-03,190.960006713867,193.580001831055,190.869995117188,193.240005493164,870000,190.845092773438
"SAP",2024-04-04,193.220001220703,194.020004272461,191.029998779297,191.029998779297,1249400,188.662475585938
"SAP",2024-04-05,191.410003662109,193.229995727539,190.949996948242,191.820007324219,639300,189.442687988281
"SAP",2024-04-08,192.779998779297,193.460006713867,191.589996337891,191.630004882812,519600,189.25505065918
"SAP",2024-04-09,189.800003051758,190.130004882812,186.710006713867,187.889999389648,995400,185.561386108398
"SAP",2024-04-10,184.880004882812,185.830001831055,183.5,184.220001220703,682400,181.936874389648
"SAP",2024-04-11,183.979995727539,185.970001220703,181.990005493164,185.669998168945,1037200,183.368896484375
"SAP",2024-04-12,181.589996337891,182.75,180.570007324219,180.779998779297,987000,178.539505004883
"SAP",2024-04-15,184.169998168945,184.449996948242,180.199996948242,180.229995727539,529700,177.996322631836
"SAP",2024-04-16,181.5,182.339996337891,180.130004882812,180.559997558594,799400,178.322235107422
"SAP",2024-04-17,181.759994506836,181.759994506836,179.229995727539,179.940002441406,489600,177.709915161133
"SAP",2024-04-18,179.910003662109,180.830001831055,178.080001831055,178.639999389648,1502900,176.426025390625
"SAP",2024-04-19,178.210006713867,178.630004882812,175.080001831055,175.770004272461,954100,173.591598510742
"SAP",2024-04-22,176.589996337891,178.990005493164,176.139999389648,178.179992675781,1062900,175.971725463867
"SAP",2024-04-23,184.830001831055,188.25,184.820007324219,188.009994506836,1649200,185.679901123047
"SAP",2024-04-24,188.529998779297,189.270004272461,186.610000610352,188.070007324219,1188900,185.739166259766
"SAP",2024-04-25,181.369995117188,185.270004272461,180.160003662109,185.089996337891,1557100,182.796081542969
"SAP",2024-04-26,185.690002441406,186.869995117188,185.580001831055,186.179992675781,920900,183.872573852539
"SAP",2024-04-29,184.770004272461,184.850006103516,183.070007324219,183.770004272461,476700,181.492462158203
"SAP",2024-04-30,182.649993896484,183.460006713867,180.919998168945,181.210006713867,773200,178.96418762207
"SAP",2024-05-01,181.699996948242,183.429992675781,179.149993896484,180.070007324219,622200,177.838317871094
"SAP",2024-05-02,181.490005493164,181.639999389648,179.710006713867,180.639999389648,731400,178.401245117188
"SAP",2024-05-03,183.610000610352,184.259994506836,182.830001831055,183.449996948242,377200,181.176406860352
"SAP",2024-05-06,183.990005493164,185.470001220703,183.720001220703,185.410003662109,419200,183.11213684082
"SAP",2024-05-07,187.039993286133,188.309997558594,186.649993896484,187.539993286133,483600,185.215728759766
"SAP",2024-05-08,188.889999389648,190.369995117188,188.639999389648,190.309997558594,907600,187.951400756836
"SAP",2024-05-09,190.410003662109,192.029998779297,190.179992675781,191.990005493164,652600,189.610580444336
"SAP",2024-05-10,189.699996948242,190.690002441406,189.410003662109,190.050003051758,541800,187.694625854492
"SAP",2024-05-13,190.910003662109,191.199996948242,189.710006713867,189.960006713867,356200,187.605743408203
"SAP",2024-05-14,189.149993896484,189.929992675781,188.529998779297,189.699996948242,495700,187.34895324707
"SAP",2024-05-15,189.979995727539,192.449996948242,189.839996337891,192.440002441406,528300,190.05500793457
"SAP",2024-05-16,192.550003051758,192.910003662109,190.639999389648,190.669998168945,855300,190.669998168945
"SAP",2024-05-17,191.119995117188,193.089996337891,190.800003051758,192.800003051758,570000,192.800003051758
"SAP",2024-05-20,194.139999389648,195.75,193.850006103516,195.300003051758,701800,195.300003051758
"SAP",2024-05-21,195.190002441406,195.809997558594,194.589996337891,194.720001220703,843000,194.720001220703
"SAP",2024-05-22,194,195.080001831055,193.630004882812,193.910003662109,540800,193.910003662109
"SAP",2024-05-23,196.75,196.990005493164,193.970001220703,195.020004272461,844100,195.020004272461
